-- phpMyAdmin SQL Dump
-- version 5.2.1
-- https://www.phpmyadmin.net/
--
-- Servidor: localhost:3306
-- Tiempo de generación: 01-10-2024 a las 20:04:45
-- Versión del servidor: 8.0.30
-- Versión de PHP: 8.1.10

SET SQL_MODE = "NO_AUTO_VALUE_ON_ZERO";
START TRANSACTION;
SET time_zone = "+00:00";


/*!40101 SET @OLD_CHARACTER_SET_CLIENT=@@CHARACTER_SET_CLIENT */;
/*!40101 SET @OLD_CHARACTER_SET_RESULTS=@@CHARACTER_SET_RESULTS */;
/*!40101 SET @OLD_COLLATION_CONNECTION=@@COLLATION_CONNECTION */;
/*!40101 SET NAMES utf8mb4 */;

--
-- Base de datos: `proyecto`
--
CREATE DATABASE IF NOT EXISTS `proyecto` DEFAULT CHARACTER SET utf8mb3 COLLATE utf8mb3_spanish_ci;
USE `proyecto`;

-- --------------------------------------------------------

--
-- Estructura de tabla para la tabla `ano_escolar`
--

CREATE TABLE `ano_escolar` (
  `codigo` int NOT NULL,
  `nombre` varchar(25) CHARACTER SET utf8mb3 COLLATE utf8mb3_spanish_ci NOT NULL,
  `fecha_inicio` date NOT NULL,
  `fecha_fin` date NOT NULL
) ENGINE=InnoDB DEFAULT CHARSET=latin1;

--
-- Volcado de datos para la tabla `ano_escolar`
--

INSERT INTO `ano_escolar` (`codigo`, `nombre`, `fecha_inicio`, `fecha_fin`) VALUES
(18, '2024', '2024-09-12', '2024-09-13');

-- --------------------------------------------------------

--
-- Estructura de tabla para la tabla `ano_seccion`
--

CREATE TABLE `ano_seccion` (
  `codigo` int NOT NULL,
  `ano` varchar(4) CHARACTER SET utf8mb3 COLLATE utf8mb3_spanish_ci NOT NULL,
  `seccion` varchar(1) CHARACTER SET utf8mb3 COLLATE utf8mb3_spanish_ci NOT NULL
) ENGINE=InnoDB DEFAULT CHARSET=latin1;

--
-- Volcado de datos para la tabla `ano_seccion`
--

INSERT INTO `ano_seccion` (`codigo`, `ano`, `seccion`) VALUES
(18, '1ero', 'U'),
(19, '2do', 'U'),
(20, '5to', 'U'),
(21, '4to', 'U'),
(22, '3ero', 'U');

-- --------------------------------------------------------

--
-- Estructura de tabla para la tabla `asignatura`
--

CREATE TABLE `asignatura` (
  `codigo` varchar(8) CHARACTER SET utf8mb3 COLLATE utf8mb3_spanish_ci NOT NULL,
  `nombre` varchar(100) CHARACTER SET utf8mb3 COLLATE utf8mb3_spanish_ci NOT NULL
) ENGINE=InnoDB DEFAULT CHARSET=latin1;

--
-- Volcado de datos para la tabla `asignatura`
--

INSERT INTO `asignatura` (`codigo`, `nombre`) VALUES
('BI', 'BIOLOGIA'),
('CA', 'CASTELLANO'),
('CT', 'CIENCIAS DE LA TIERRA '),
('CN', 'CIENCIAS NATURALES'),
('EF', 'EDUCACION FISICA'),
('FI', 'FÍSICA'),
('FSN', 'FORMACIÓN PARA LA SOBERANIA NACIONAL'),
('GHC', 'GEOGRAFÍA, HISTORIA Y CIUDADANÍA '),
('ILE', 'INGLÉS Y OTRAS LENGUAS EXTRANJERAS'),
('MA', 'MATEMATICA'),
('OC', 'ORIENTACIÓN Y CONVIVENCIA'),
('PGCRP', 'PARTICIPACION  EN GRUPOS DE CREACIÓN, RECREACIÓN Y PRODUCCIÓN  '),
('QU', 'QUIMICA');

-- --------------------------------------------------------

--
-- Estructura de tabla para la tabla `aula`
--

CREATE TABLE `aula` (
  `codigo` int NOT NULL,
  `nombre` varchar(25) CHARACTER SET utf8mb3 COLLATE utf8mb3_spanish_ci NOT NULL,
  `descripcion` varchar(100) CHARACTER SET utf8mb3 COLLATE utf8mb3_spanish_ci NOT NULL,
  `disponibilidad` int NOT NULL
) ENGINE=InnoDB DEFAULT CHARSET=latin1;

--
-- Volcado de datos para la tabla `aula`
--

INSERT INTO `aula` (`codigo`, `nombre`, `descripcion`, `disponibilidad`) VALUES
(26, 'Aula 2', 'sexo tilin\nBiologia', 1);

-- --------------------------------------------------------

--
-- Estructura de tabla para la tabla `bitacora`
--

CREATE TABLE `bitacora` (
  `id` int NOT NULL,
  `fecha_hora` datetime NOT NULL DEFAULT CURRENT_TIMESTAMP,
  `cedula` bigint NOT NULL,
  `type` enum('login','error','eliminar','actualizar','insertar') CHARACTER SET utf8mb3 COLLATE utf8mb3_spanish_ci NOT NULL,
  `description` text CHARACTER SET utf8mb3 COLLATE utf8mb3_spanish_ci NOT NULL,
  `user_computer` varchar(45) CHARACTER SET utf8mb3 COLLATE utf8mb3_spanish_ci DEFAULT NULL
) ENGINE=InnoDB DEFAULT CHARSET=utf8mb3 COLLATE=utf8mb3_spanish_ci;

--
-- Volcado de datos para la tabla `bitacora`
--

INSERT INTO `bitacora` (`id`, `fecha_hora`, `cedula`, `type`, `description`, `user_computer`) VALUES
(1, '2024-07-16 20:22:23', 29629080, 'login', '29629080 ha ingresado al sistema.', 'DESKTOP-D2HTI36'),
(2, '2024-07-16 20:23:43', 29629080, 'login', '29629080 ha ingresado al sistema.', 'DESKTOP-D2HTI36'),
(3, '2024-08-24 11:41:17', 19282324, 'login', '19282324 ha ingresado al sistema.', 'DESKTOP-F3R7OPU'),
(4, '2024-08-24 11:42:26', 29629080, 'login', '29629080 ha ingresado al sistema.', 'DESKTOP-F3R7OPU'),
(5, '2024-09-04 13:06:37', 29629080, 'login', '29629080 ha ingresado al sistema.', 'DESKTOP-F3R7OPU'),
(6, '2024-09-05 10:24:46', 29629080, 'login', '29629080 ha ingresado al sistema.', 'DESKTOP-F3R7OPU'),
(7, '2024-09-06 08:15:57', 29629080, 'login', '29629080 ha ingresado al sistema.', 'DESKTOP-F3R7OPU'),
(8, '2024-09-07 15:54:05', 29629080, 'login', '29629080 ha ingresado al sistema.', 'ZUHE2-PC'),
(9, '2024-09-15 20:13:38', 29629080, 'login', '29629080 ha ingresado al sistema.', 'DESKTOP-F3R7OPU'),
(10, '2024-09-15 20:13:52', 29629080, 'login', '29629080 ha ingresado al sistema.', 'DESKTOP-F3R7OPU'),
(11, '2024-09-15 20:14:51', 29629080, 'login', '29629080 ha ingresado al sistema.', 'DESKTOP-F3R7OPU'),
(12, '2024-09-26 21:46:37', 29629080, 'login', '29629080 ha ingresado al sistema.', 'ZUHE2-PC'),
(13, '2024-09-28 23:16:27', 29629080, 'login', '29629080 ha ingresado al sistema.', 'ZUHE2-PC'),
(14, '2024-10-01 14:01:21', 29629080, 'login', '29629080 ha ingresado al sistema.', 'DESKTOP-F3R7OPU');

-- --------------------------------------------------------

--
-- Estructura de tabla para la tabla `datos_inst`
--

CREATE TABLE `datos_inst` (
  `direccion` varchar(50) CHARACTER SET utf8mb3 COLLATE utf8mb3_spanish_ci DEFAULT NULL,
  `telefono` varchar(50) CHARACTER SET utf8mb3 COLLATE utf8mb3_spanish_ci DEFAULT NULL,
  `nombre_institucion` varchar(50) CHARACTER SET utf8mb3 COLLATE utf8mb3_spanish_ci DEFAULT NULL
) ENGINE=InnoDB DEFAULT CHARSET=utf8mb3 COLLATE=utf8mb3_spanish_ci;

-- --------------------------------------------------------

--
-- Estructura de tabla para la tabla `dias_semana`
--

CREATE TABLE `dias_semana` (
  `codigo` int NOT NULL,
  `dia` varchar(9) CHARACTER SET utf8mb3 COLLATE utf8mb3_spanish_ci NOT NULL
) ENGINE=InnoDB DEFAULT CHARSET=latin1;

--
-- Volcado de datos para la tabla `dias_semana`
--

INSERT INTO `dias_semana` (`codigo`, `dia`) VALUES
(1, 'Lunes'),
(2, 'Martes'),
(3, 'Miercoles'),
(4, 'Jueves'),
(5, 'Viernes'),
(6, 'Sabado'),
(7, 'Domingo');

-- --------------------------------------------------------

--
-- Estructura de tabla para la tabla `disponibilidad`
--

CREATE TABLE `disponibilidad` (
  `codigo_id` int NOT NULL,
  `disponible` varchar(20) CHARACTER SET utf8mb3 COLLATE utf8mb3_spanish_ci NOT NULL
) ENGINE=InnoDB DEFAULT CHARSET=latin1;

--
-- Volcado de datos para la tabla `disponibilidad`
--

INSERT INTO `disponibilidad` (`codigo_id`, `disponible`) VALUES
(0, 'No disponible'),
(1, 'Disponible');

-- --------------------------------------------------------

--
-- Estructura de tabla para la tabla `dolar`
--

CREATE TABLE `dolar` (
  `id` int NOT NULL,
  `precio` float NOT NULL
) ENGINE=InnoDB DEFAULT CHARSET=utf8mb3 COLLATE=utf8mb3_spanish_ci;

--
-- Volcado de datos para la tabla `dolar`
--

INSERT INTO `dolar` (`id`, `precio`) VALUES
(1, 36.6);

-- --------------------------------------------------------

--
-- Estructura de tabla para la tabla `estudiante`
--

CREATE TABLE `estudiante` (
  `cedula_estudiante` bigint NOT NULL DEFAULT '0',
  `nombres` varchar(11) CHARACTER SET utf8mb3 COLLATE utf8mb3_spanish_ci DEFAULT NULL,
  `apellidos` varchar(11) CHARACTER SET utf8mb3 COLLATE utf8mb3_spanish_ci DEFAULT NULL
) ENGINE=InnoDB DEFAULT CHARSET=utf8mb3 COLLATE=utf8mb3_spanish_ci;

-- --------------------------------------------------------

--
-- Estructura de tabla para la tabla `horario_estudiante`
--

CREATE TABLE `horario_estudiante` (
  `codigo` int NOT NULL,
  `codigo_a_escolar` int DEFAULT NULL,
  `codigo_a_y_seccion` int DEFAULT NULL,
  `codigo_asignatura` varchar(8) CHARACTER SET utf8mb3 COLLATE utf8mb3_spanish_ci DEFAULT NULL,
  `codigo_aula` int DEFAULT NULL,
  `codigo_dia` varchar(5) CHARACTER SET utf8mb3 COLLATE utf8mb3_spanish_ci NOT NULL,
  `grupo` varchar(2) CHARACTER SET utf8mb3 COLLATE utf8mb3_spanish_ci NOT NULL,
  `profesor` bigint DEFAULT NULL,
  `intervalo` int NOT NULL,
  `receso` varchar(20) CHARACTER SET utf8mb3 COLLATE utf8mb3_spanish_ci NOT NULL
) ENGINE=InnoDB DEFAULT CHARSET=latin1;

--
-- Volcado de datos para la tabla `horario_estudiante`
--

INSERT INTO `horario_estudiante` (`codigo`, `codigo_a_escolar`, `codigo_a_y_seccion`, `codigo_asignatura`, `codigo_aula`, `codigo_dia`, `grupo`, `profesor`, `intervalo`, `receso`) VALUES
(22, 18, 18, NULL, NULL, 'B1MM', ' ', NULL, 6, '08:20'),
(23, 18, 18, 'BI', 26, 'B1J', '1', NULL, 6, '08:20'),
(24, 18, 18, NULL, NULL, 'B1J', '2', NULL, 6, '08:20'),
(25, 18, 18, 'EF', 26, 'B2MM', ' ', 11716900, 6, '08:20');

-- --------------------------------------------------------

--
-- Estructura de tabla para la tabla `intervalo`
--

CREATE TABLE `intervalo` (
  `id` int NOT NULL,
  `intervalo` varchar(3) CHARACTER SET utf8mb3 COLLATE utf8mb3_spanish_ci NOT NULL,
  `estado` int NOT NULL
) ENGINE=InnoDB DEFAULT CHARSET=utf8mb3 COLLATE=utf8mb3_spanish_ci;

--
-- Volcado de datos para la tabla `intervalo`
--

INSERT INTO `intervalo` (`id`, `intervalo`, `estado`) VALUES
(5, '10', 0),
(6, '40', 1),
(7, '45', 0);

-- --------------------------------------------------------

--
-- Estructura de tabla para la tabla `login`
--

CREATE TABLE `login` (
  `id` int NOT NULL,
  `username` bigint NOT NULL,
  `password` varchar(255) CHARACTER SET utf8mb3 COLLATE utf8mb3_spanish_ci NOT NULL,
  `security_q_1` varchar(255) CHARACTER SET utf8mb3 COLLATE utf8mb3_spanish_ci NOT NULL,
  `security_q_2` varchar(255) CHARACTER SET utf8mb3 COLLATE utf8mb3_spanish_ci NOT NULL,
  `security_q_3` varchar(255) CHARACTER SET utf8mb3 COLLATE utf8mb3_spanish_ci NOT NULL,
  `security_a_1` varchar(255) CHARACTER SET utf8mb3 COLLATE utf8mb3_spanish_ci NOT NULL,
  `security_a_2` varchar(255) CHARACTER SET utf8mb3 COLLATE utf8mb3_spanish_ci NOT NULL,
  `security_a_3` varchar(255) CHARACTER SET utf8mb3 COLLATE utf8mb3_spanish_ci NOT NULL,
  `rol` varchar(32) CHARACTER SET utf8mb3 COLLATE utf8mb3_spanish_ci NOT NULL,
  `status` enum('active','inactive','new') CHARACTER SET utf8mb3 COLLATE utf8mb3_spanish_ci NOT NULL DEFAULT 'new'
) ENGINE=InnoDB DEFAULT CHARSET=utf8mb3 COLLATE=utf8mb3_spanish_ci;

--
-- Volcado de datos para la tabla `login`
--

INSERT INTO `login` (`id`, `username`, `password`, `security_q_1`, `security_q_2`, `security_q_3`, `security_a_1`, `security_a_2`, `security_a_3`, `rol`, `status`) VALUES
(2, 11716900, '$2y$10$KUS.kZOop8H0.zCw0ZRITOgGKnrO8OU68PZy3RMXKM4bJAxcyBq9i', '', '', '', '', '', '', 'admin', 'active'),
(3, 27414575, '$2y$10$.0H6AyBzzc7kNetE99vB7uC3WHG/mNB/0nrq15m.82XPssDBhM9G.', '', '', '', '', '', '', 'profesor', 'new'),
(4, 27564672, '$2y$10$2LdbHmQeaN5.amJ86/gQFeZAK9Mb6fdZ2.bDZkqM9kWv5/1mXjERi', '¿Cuál es el nombre de tu primera mascota?', '¿Cuál es el nombre de tu escuela primaria?', '¿En qué ciudad naciste?', '$2y$10$nmlXTunPzLLb5VrsRBZ7y.rr.RO0rAhszWg.H5HQP4ORBeAwyO7X2', '$2y$10$yv6lnXbkvRPxsW/GjqWWmulj1wAxhfgHzb6n7SUciFngJWVbdCA6C', '$2y$10$PwpOMuTvWGFmKcVGwW41He90ksoCzKG6DyT0kCJo7WveqSBxBOoIi', 'profesor', 'active'),
(5, 29629080, '$2y$10$iztSmb7xT9arACvPGNiLmuVu.IPZfpPCRrquHgPpKXfkWMrCOU7f6', '¿Cual es su color favorito?', '¿Cual es fue su primera mascota?', '¿Cual es su comida favorita?', '$2y$10$MKhsRwZ/V6pN2POJ3eete..IigsrkWdUtDOVRA7.Tlfy9ZGp4w.8O', '$2y$10$T6PjmXUjButQzVO8FIV0UOvnYsD2Em153oEi9Cv6J/0Pdk5EGdelm', '$2y$10$llAi/KhMxhEj5YtessVBe.vfpnESeMO16Sh0NdoDnfhcWSPoWGS.2', 'admin', 'active'),
(7, 19282340, '$2y$10$moo9yxZLhEx/2nm8hm.4y.CYC6HTptlepQFJVvhWDDhrUAoCJnkwW', '¿Cuál es el nombre de tu escuela primaria?', '¿Cuál es el nombre de tu primera mascota?', '¿En qué ciudad naciste?', '$2y$10$.74Lk2GGk0wg.YfrqkhzA.Uy8WBuq/YVHEvm2YWY0uXOkLW4649tO', '$2y$10$sXMNpg.hK0t9yg1ZZzhif.SG.GzVSN7WkR6HJi6mCvAePrGOSYzPi', '$2y$10$0g4l.tzDZwQ3potE6fDBTukJdn0UO6nl1jSw4Y2GkdVPVv1deS5qm', 'profesor', 'active'),
(9, 5656, '$2y$10$XnKkMjz3oQcmQ1vv2Vjga.iGB8bO7165A5pV87kcP/nZsvjAgZ3Zm', '', '', '', '', '', '', 'profesor', 'new');

-- --------------------------------------------------------

--
-- Estructura de tabla para la tabla `mensualidad`
--

CREATE TABLE `mensualidad` (
  `ano_escolar` int NOT NULL,
  `mes` float NOT NULL DEFAULT '0',
  `monto` float NOT NULL DEFAULT '0',
  `fecha` float NOT NULL DEFAULT '0'
) ENGINE=InnoDB DEFAULT CHARSET=utf8mb3 COLLATE=utf8mb3_spanish_ci;

-- --------------------------------------------------------

--
-- Estructura de tabla para la tabla `meses_pagos`
--

CREATE TABLE `meses_pagos` (
  `cedula_estudiante` bigint NOT NULL,
  `mes` int NOT NULL,
  `ano_escolar` int NOT NULL,
  `abonado` float NOT NULL,
  `maximo` int NOT NULL,
  `saldado` tinyint(1) NOT NULL DEFAULT '0'
) ENGINE=InnoDB DEFAULT CHARSET=utf8mb3 COLLATE=utf8mb3_spanish_ci;

-- --------------------------------------------------------

--
-- Estructura de tabla para la tabla `pagos`
--

CREATE TABLE `pagos` (
  `idPago` bigint NOT NULL,
  `cedula_representante` bigint NOT NULL DEFAULT '0',
  `monto` float NOT NULL DEFAULT '0',
  `fecha` date NOT NULL,
  `referencia_id` varchar(50) CHARACTER SET utf8mb3 COLLATE utf8mb3_spanish_ci NOT NULL DEFAULT '',
  `ano_escolar` int NOT NULL DEFAULT '0',
  `mes` varchar(50) CHARACTER SET utf8mb3 COLLATE utf8mb3_spanish_ci NOT NULL,
  `detalles` varchar(50) CHARACTER SET utf8mb3 COLLATE utf8mb3_spanish_ci DEFAULT NULL
) ENGINE=InnoDB DEFAULT CHARSET=utf8mb3 COLLATE=utf8mb3_spanish_ci;

-- --------------------------------------------------------

--
-- Estructura de tabla para la tabla `personas`
--

CREATE TABLE `personas` (
  `cedula` bigint NOT NULL,
  `nombres` varchar(30) CHARACTER SET utf8mb3 COLLATE utf8mb3_spanish_ci NOT NULL,
  `apellidos` varchar(30) CHARACTER SET utf8mb3 COLLATE utf8mb3_spanish_ci NOT NULL,
  `direccion` varchar(150) CHARACTER SET utf8mb3 COLLATE utf8mb3_spanish_ci NOT NULL,
  `telefono` varchar(14) CHARACTER SET utf8mb3 COLLATE utf8mb3_spanish_ci NOT NULL,
  `correo` varchar(255) CHARACTER SET utf8mb3 COLLATE utf8mb3_spanish_ci NOT NULL
) ENGINE=InnoDB DEFAULT CHARSET=utf8mb3 COLLATE=utf8mb3_spanish_ci;

--
-- Volcado de datos para la tabla `personas`
--

INSERT INTO `personas` (`cedula`, `nombres`, `apellidos`, `direccion`, `telefono`, `correo`) VALUES
(5656, 'PEDRITO', 'MENDEZ', 'VENEZUELA, PORTUGUESA, GUANARE URBANIZACION LA VERGUISA ENTFRE LA CALLE 13 Y 2 , CASA NUMERO 10', '04122696463', 'equisde@gmail.com'),
(11716900, 'JOHN ENMANUEL', 'RAMIREZ VALERO', 'Enrique Segoviano', '+584169919122', 'cojggeo@equisde.com'),
(19282340, 'FASDFUNCIONO', 'FASDFUNCIONO', 'FASD', '04122696463', 'equisde@gmail.com'),
(27414575, 'ASDAS', 'ADASDAS', 'DIREKSION', '04246646364', 'lol@lol.com'),
(27564672, 'NIRETCIA INMACULADA', 'RAMIREZ VALERO', 'Venezuela, Portuguesa, Guanare Urbanizacion la Verguisa entre la calle 13 y 2 , casa numero 10', '04161234567', 'equisde@gmail.com'),
(29629080, 'ANGEL', 'MENDEZ', 'ENRIQUE SEGOVIANO', '0424', 'irechamo@yolewadesi.unawaina');

-- --------------------------------------------------------

--
-- Estructura de tabla para la tabla `preguntas_seguridad`
--

CREATE TABLE `preguntas_seguridad` (
  `id` int NOT NULL,
  `pregunta` varchar(120) CHARACTER SET utf8mb3 COLLATE utf8mb3_spanish_ci NOT NULL
) ENGINE=InnoDB DEFAULT CHARSET=utf8mb3 COLLATE=utf8mb3_spanish_ci;

--
-- Volcado de datos para la tabla `preguntas_seguridad`
--

INSERT INTO `preguntas_seguridad` (`id`, `pregunta`) VALUES
(1, '¿Como se llama tu mama?'),
(2, '¿Cuando es tu Cumpleaños?'),
(3, '¿Te gustan los gatos o perros?'),
(4, '¿Cual es tu color favorito?');

-- --------------------------------------------------------

--
-- Estructura de tabla para la tabla `profesores_materias`
--

CREATE TABLE `profesores_materias` (
  `id` bigint NOT NULL,
  `profesor` bigint NOT NULL,
  `materia` varchar(40) CHARACTER SET utf8mb3 COLLATE utf8mb3_spanish_ci NOT NULL
) ENGINE=InnoDB DEFAULT CHARSET=utf8mb3 COLLATE=utf8mb3_spanish_ci;

--
-- Volcado de datos para la tabla `profesores_materias`
--

INSERT INTO `profesores_materias` (`id`, `profesor`, `materia`) VALUES
(182, 11716900, 'EF'),
(183, 11716900, 'FI');

-- --------------------------------------------------------

--
-- Estructura de tabla para la tabla `representante`
--

CREATE TABLE `representante` (
  `cedula_representante` bigint NOT NULL DEFAULT '0',
  `nombres` varchar(20) CHARACTER SET utf8mb3 COLLATE utf8mb3_spanish_ci NOT NULL,
  `apellidos` varchar(20) CHARACTER SET utf8mb3 COLLATE utf8mb3_spanish_ci NOT NULL,
  `telefono` bigint NOT NULL DEFAULT '0',
  `correo` varchar(10) CHARACTER SET utf8mb3 COLLATE utf8mb3_spanish_ci DEFAULT NULL
) ENGINE=InnoDB DEFAULT CHARSET=utf8mb3 COLLATE=utf8mb3_spanish_ci;

-- --------------------------------------------------------

--
-- Estructura de tabla para la tabla `representante-representado`
--

CREATE TABLE `representante-representado` (
  `cedula_estudiante` varchar(10) CHARACTER SET utf8mb3 COLLATE utf8mb3_spanish_ci DEFAULT NULL,
  `cedula_representante` bigint NOT NULL DEFAULT '0',
  `ano_escolar` int NOT NULL
) ENGINE=InnoDB DEFAULT CHARSET=utf8mb3 COLLATE=utf8mb3_spanish_ci;

--
-- Índices para tablas volcadas
--

--
-- Indices de la tabla `ano_escolar`
--
ALTER TABLE `ano_escolar`
  ADD PRIMARY KEY (`codigo`),
  ADD UNIQUE KEY `nombre` (`nombre`),
  ADD UNIQUE KEY `fecha_inicio` (`fecha_inicio`,`fecha_fin`),
  ADD UNIQUE KEY `nombre_2` (`nombre`,`fecha_inicio`,`fecha_fin`);

--
-- Indices de la tabla `ano_seccion`
--
ALTER TABLE `ano_seccion`
  ADD PRIMARY KEY (`codigo`);

--
-- Indices de la tabla `asignatura`
--
ALTER TABLE `asignatura`
  ADD PRIMARY KEY (`codigo`),
  ADD UNIQUE KEY `nombre` (`nombre`);

--
-- Indices de la tabla `aula`
--
ALTER TABLE `aula`
  ADD PRIMARY KEY (`codigo`),
  ADD KEY `disponibilidad` (`disponibilidad`);

--
-- Indices de la tabla `bitacora`
--
ALTER TABLE `bitacora`
  ADD PRIMARY KEY (`id`);

--
-- Indices de la tabla `dias_semana`
--
ALTER TABLE `dias_semana`
  ADD KEY `codigo` (`codigo`);

--
-- Indices de la tabla `disponibilidad`
--
ALTER TABLE `disponibilidad`
  ADD PRIMARY KEY (`codigo_id`);

--
-- Indices de la tabla `dolar`
--
ALTER TABLE `dolar`
  ADD PRIMARY KEY (`id`);

--
-- Indices de la tabla `estudiante`
--
ALTER TABLE `estudiante`
  ADD PRIMARY KEY (`cedula_estudiante`);

--
-- Indices de la tabla `horario_estudiante`
--
ALTER TABLE `horario_estudiante`
  ADD PRIMARY KEY (`codigo`),
  ADD KEY `codigo_a_escolar` (`codigo_a_escolar`,`codigo_a_y_seccion`,`codigo_asignatura`,`codigo_aula`,`codigo_dia`),
  ADD KEY `FK_horario_estudiante_personas` (`profesor`),
  ADD KEY `FK_horario_estudiante_asignatura` (`codigo_asignatura`),
  ADD KEY `FK_horario_estudiante_aula` (`codigo_aula`),
  ADD KEY `FK_horario_estudiante_ano_seccion` (`codigo_a_y_seccion`);

--
-- Indices de la tabla `intervalo`
--
ALTER TABLE `intervalo`
  ADD PRIMARY KEY (`id`);

--
-- Indices de la tabla `login`
--
ALTER TABLE `login`
  ADD PRIMARY KEY (`id`),
  ADD UNIQUE KEY `username` (`username`);

--
-- Indices de la tabla `mensualidad`
--
ALTER TABLE `mensualidad`
  ADD KEY `FK_mensualidad_ano_escolar` (`ano_escolar`);

--
-- Indices de la tabla `meses_pagos`
--
ALTER TABLE `meses_pagos`
  ADD KEY `FK_meses_pagos_estudiante` (`cedula_estudiante`),
  ADD KEY `FK_meses_pagos_ano_escolar` (`ano_escolar`);

--
-- Indices de la tabla `pagos`
--
ALTER TABLE `pagos`
  ADD PRIMARY KEY (`idPago`),
  ADD KEY `FK_pagos_representante` (`cedula_representante`),
  ADD KEY `FK_pagos_ano_escolar` (`ano_escolar`);

--
-- Indices de la tabla `personas`
--
ALTER TABLE `personas`
  ADD PRIMARY KEY (`cedula`),
  ADD UNIQUE KEY `cedula` (`cedula`);

--
-- Indices de la tabla `preguntas_seguridad`
--
ALTER TABLE `preguntas_seguridad`
  ADD PRIMARY KEY (`id`);

--
-- Indices de la tabla `profesores_materias`
--
ALTER TABLE `profesores_materias`
  ADD PRIMARY KEY (`id`),
  ADD KEY `FK_profesores_materias_personas` (`profesor`),
  ADD KEY `FK_profesores_materias_asignatura` (`materia`);

--
-- Indices de la tabla `representante`
--
ALTER TABLE `representante`
  ADD PRIMARY KEY (`cedula_representante`);

--
-- Indices de la tabla `representante-representado`
--
ALTER TABLE `representante-representado`
  ADD KEY `FK_representante-representado_representante` (`cedula_representante`);

--
-- AUTO_INCREMENT de las tablas volcadas
--

--
-- AUTO_INCREMENT de la tabla `ano_escolar`
--
ALTER TABLE `ano_escolar`
  MODIFY `codigo` int NOT NULL AUTO_INCREMENT, AUTO_INCREMENT=19;

--
-- AUTO_INCREMENT de la tabla `ano_seccion`
--
ALTER TABLE `ano_seccion`
  MODIFY `codigo` int NOT NULL AUTO_INCREMENT, AUTO_INCREMENT=23;

--
-- AUTO_INCREMENT de la tabla `aula`
--
ALTER TABLE `aula`
  MODIFY `codigo` int NOT NULL AUTO_INCREMENT, AUTO_INCREMENT=27;

--
-- AUTO_INCREMENT de la tabla `bitacora`
--
ALTER TABLE `bitacora`
  MODIFY `id` int NOT NULL AUTO_INCREMENT, AUTO_INCREMENT=15;

--
-- AUTO_INCREMENT de la tabla `horario_estudiante`
--
ALTER TABLE `horario_estudiante`
  MODIFY `codigo` int NOT NULL AUTO_INCREMENT, AUTO_INCREMENT=26;

--
-- AUTO_INCREMENT de la tabla `intervalo`
--
ALTER TABLE `intervalo`
  MODIFY `id` int NOT NULL AUTO_INCREMENT, AUTO_INCREMENT=9;

--
-- AUTO_INCREMENT de la tabla `login`
--
ALTER TABLE `login`
  MODIFY `id` int NOT NULL AUTO_INCREMENT, AUTO_INCREMENT=11;

--
-- AUTO_INCREMENT de la tabla `pagos`
--
ALTER TABLE `pagos`
  MODIFY `idPago` bigint NOT NULL AUTO_INCREMENT;

--
-- AUTO_INCREMENT de la tabla `preguntas_seguridad`
--
ALTER TABLE `preguntas_seguridad`
  MODIFY `id` int NOT NULL AUTO_INCREMENT, AUTO_INCREMENT=5;

--
-- AUTO_INCREMENT de la tabla `profesores_materias`
--
ALTER TABLE `profesores_materias`
  MODIFY `id` bigint NOT NULL AUTO_INCREMENT, AUTO_INCREMENT=184;

--
-- Restricciones para tablas volcadas
--

--
-- Filtros para la tabla `horario_estudiante`
--
ALTER TABLE `horario_estudiante`
  ADD CONSTRAINT `FK_horario_estudiante_ano_escolar` FOREIGN KEY (`codigo_a_escolar`) REFERENCES `ano_escolar` (`codigo`) ON DELETE SET NULL ON UPDATE CASCADE,
  ADD CONSTRAINT `FK_horario_estudiante_ano_seccion` FOREIGN KEY (`codigo_a_y_seccion`) REFERENCES `ano_seccion` (`codigo`) ON DELETE SET NULL ON UPDATE CASCADE,
  ADD CONSTRAINT `FK_horario_estudiante_asignatura` FOREIGN KEY (`codigo_asignatura`) REFERENCES `asignatura` (`codigo`) ON DELETE SET NULL ON UPDATE CASCADE,
  ADD CONSTRAINT `FK_horario_estudiante_aula` FOREIGN KEY (`codigo_aula`) REFERENCES `aula` (`codigo`) ON DELETE SET NULL ON UPDATE CASCADE,
  ADD CONSTRAINT `FK_horario_estudiante_profesores_materias` FOREIGN KEY (`profesor`) REFERENCES `profesores_materias` (`profesor`) ON DELETE SET NULL ON UPDATE CASCADE;

--
-- Filtros para la tabla `login`
--
ALTER TABLE `login`
  ADD CONSTRAINT `login_personas` FOREIGN KEY (`username`) REFERENCES `personas` (`cedula`) ON DELETE CASCADE ON UPDATE CASCADE;

--
-- Filtros para la tabla `mensualidad`
--
ALTER TABLE `mensualidad`
  ADD CONSTRAINT `FK_mensualidad_ano_escolar` FOREIGN KEY (`ano_escolar`) REFERENCES `ano_escolar` (`codigo`) ON UPDATE CASCADE;

--
-- Filtros para la tabla `meses_pagos`
--
ALTER TABLE `meses_pagos`
  ADD CONSTRAINT `FK_meses_pagos_ano_escolar` FOREIGN KEY (`ano_escolar`) REFERENCES `ano_escolar` (`codigo`) ON UPDATE CASCADE,
  ADD CONSTRAINT `FK_meses_pagos_estudiante` FOREIGN KEY (`cedula_estudiante`) REFERENCES `estudiante` (`cedula_estudiante`) ON UPDATE CASCADE;

--
-- Filtros para la tabla `pagos`
--
ALTER TABLE `pagos`
  ADD CONSTRAINT `FK_pagos_ano_escolar` FOREIGN KEY (`ano_escolar`) REFERENCES `ano_escolar` (`codigo`),
  ADD CONSTRAINT `FK_pagos_representante` FOREIGN KEY (`cedula_representante`) REFERENCES `representante` (`cedula_representante`);

--
-- Filtros para la tabla `profesores_materias`
--
ALTER TABLE `profesores_materias`
  ADD CONSTRAINT `FK_profesores_materias_asignatura` FOREIGN KEY (`materia`) REFERENCES `asignatura` (`codigo`) ON DELETE CASCADE ON UPDATE CASCADE,
  ADD CONSTRAINT `FK_profesores_materias_personas` FOREIGN KEY (`profesor`) REFERENCES `personas` (`cedula`) ON DELETE CASCADE ON UPDATE CASCADE;

--
-- Filtros para la tabla `representante-representado`
--
ALTER TABLE `representante-representado`
  ADD CONSTRAINT `FK_representante-representado_representante` FOREIGN KEY (`cedula_representante`) REFERENCES `representante` (`cedula_representante`) ON UPDATE CASCADE;
COMMIT;

/*!40101 SET CHARACTER_SET_CLIENT=@OLD_CHARACTER_SET_CLIENT */;
/*!40101 SET CHARACTER_SET_RESULTS=@OLD_CHARACTER_SET_RESULTS */;
/*!40101 SET COLLATION_CONNECTION=@OLD_COLLATION_CONNECTION */;
